"map","x","y","z","x1","y1"
"bkz_apricity","3367.96","1321.15","640.03","2.15","90.36"
"bkz_apricity_v3","5678.42","5214.25","640.03","0.88","-90.22"
"bkz_cakewalk","1246.36","-600.69","-3071.96","-4.08","-90.6"
"bkz_canadaszn","706.14","-143.94","64.03","-2.42","87.5"
"bkz_cauz_final","-5063.96","-4417.09","-119.96","-0.31","0.16"
"bkz_cauz_short","2394.49","4430.88","-119.96","0.31","-0.53"
"bkz_dontstop","2965.87","1636.43","-191.96","0.04","89.82"
"bkz_evanstep","469.16","-783.96","0.03","3.5","91.23"
"bkz_fapzor","-7416.72","-1136","1120.03","-0.29","-90.36"
"bkz_fear4","5134.29","3402.42","-166.96","0.24","90.79"
"bkz_hellokitty_v2","1523.5","-16.58","-159.96","-0.77","90.79"
"bkz_iota_v3","8768.45","-4310.69","1484.03","-1.86","90.2"
"bkz_itz_h25l","-6340.67","7461.46","5442.03","-1.54","90"
"bkz_kartrider","2619.47","-2548.21","-491.96","1.31","-91.11"
"bkz_levite_v2","-557.48","1466.01","-344.96","-0.5","179.55"
"bkz_nocturns_blue","-318.56","-3066.02","1093.03","2.35","-0.72"
"bkz_nocturns_blue_gfix","-486.53","-3054.8","1093.03","-1.42","-1.09"
"bkz_pogo","-1972.81","1611.06","416.03","-0.44","179.74"
"bkz_sahara","-7689.99","20.37","15872","-2.85","88.95"
"bkz_volcanohop","-4522.79","3197.78","1681.76","-1.51","-0.14"
"bkz_zephyr_v2","-302.48","-1438.11","160.03","-1.53","0.82"
"kzpro_concrete_c02","3774.19","-4670.1","-1855.96","-1.19","89.87"
"kzpro_gull_pidr_reborn","-8575.21","-1713.41","-823.96","-0.24","89.85"
"kzpro_justrun_sp","-396.86","292.6","64.03","1.1","0.41"
"kzpro_psilocybin","-3776.52","2683.6","317.03","-1.09","89.7"
"kzpro_wrath","6034.39","3088.86","-524.11","-2.19","90.44"
"kz_11342","-3193.49","4541.32","-159.96","3.88","-178.44"
"kz_11735","4736.16","1500.51","444.03","16.71","1.75"
"kz_16pillars","898.62","3585.49","-8127.96","-0.66","179.33"
"kz_21loop_final_fix","619.39","-1720.43","-98.96","-0.43","-179.81"
"kz_2fast","-2710.25","-3355.17","-127.96","-1.54","89.55"
"kz_2seasons_spring_final","47.14","7376.35","256.03","-1.15","-89.66"
"kz_2seasons_winter_final","9841.7","-1868.53","-101.96","-0.11","-89.71"
"kz_420b","736.71","751.62","-237.96","-1.31","89.54"
"kz_4u_nature","1105.18","606.27","-191.96","-0.14","-90.64"
"kz_8b1_brickngrass","-406.9","1508.69","-671.96","-1.1","0"
"kz_aaaa","8279.19","1762.81","4448.03","-0.87","90.2"
"kz_abandoned","3958.35","-393.2","-10374.5","0.05","27.95"
"kz_abstruse_od2","155.75","-11422.8","-395.46","0.98","91.09"
"kz_acores","2385.35","-2001.17","44.03","-1.23","-0.11"
"kz_adeline","-3626.33","-987.66","-335.96","-1.09","0.8"
"kz_adventure_v2","1087.57","1365.92","2657.03","-1.53","89.78"
"kz_adv_cursedjourney","-1475.52","2298.01","-1151.96","0.28","-179.84"
"kz_aether_fix","5710.52","104.36","11586","-1.97","89.51"
"kz_afterlife","73.58","-758.49","-2621.96","0.03","90.2"
"kz_after_agitation_easy_fix","1095.25","1580.29","-3.96","0.93","-179.9"
"kz_ahful","8910.74","380.26","64.03","1.11","-135.25"
"kz_akrh_warehouse_v3","-1522.91","-420.65","-703.96","0","178.88"
"kz_alfama","-1423.48","-1904","688.03","-1.98","-89.39"
"kz_alfie","-261.48","-257.82","-97.71","-3.74","0.65"
"kz_alice_fix","-3051.6","-2585.39","1011.03","0.39","90.38"
"kz_alien_city","9648.9","8300.02","16096","-1.1","90.05"
"kz_alleviate","2654.86","-2708.91","25.98","0.09","91.23"
"kz_allure","1850.44","-1135.4","-79.96","-0.65","-89.57"
"kz_alouette_fix","5711.4","-818.45","40.03","-1.75","0.6"
"kz_alpha","-7006.69","-538.52","-1597.96","-1.97","90.85"
"kz_altum_od","-9591.18","-8911.76","-63.96","-1.97","0.22"
"kz_alt_aztec","2448.76","-13018.5","5176.03","-1.1","89.77"
"kz_alt_cargo","1082.14","-1803.04","14880","-1.54","90.21"
"kz_amandincastle","1261","-754.66","96.03","17.34","92.04"
"kz_amber_od","-303.77","-9988.97","-200.96","-0.35","90.52"
"kz_ambition","835.3","-2531.63","-127.96","-0.65","90.66"
"kz_andromeda","-4046.7","971.13","4000.03","-0.87","-0.38"
"kz_angina_final","6689.54","-9149.91","-682.21","-1.98","90.22"
"kz_another_climb_map","1089.36","972.18","-848.96","0.44","-0.88"
"kz_antharas","-3411.02","3665.28","-1678.96","-1.1","-0.45"
"kz_antigeneric","-594.36","-1544.53","3858.58","-0.44","179.77"
"kz_antimony","3528.23","1240.61","1820.03","-1.76","-89.39"
"kz_antiquity","-594.72","-2818.61","-303.96","-0.17","-89.15"
"kz_anus","-7255.53","-971.2","-213.96","1.98","-1.35"
"kz_apiisnotresponding","15213.5","13860.7","15326","1.72","-179.82"
"kz_arcadium","68.48","146.27","64.03","1.9","-0.07"
"kz_arcturus","-1324.83","-248.25","128.03","0.89","-88.32"
"kz_armored_core","6474.91","3850.35","-95.96","-1.76","90"
"kz_arrebol","8176.03","7886.71","64.03","0.35","0.95"
"kz_ascend_hv","103.22","761.23","104.03","7.74","0.07"
"kz_ashen","6031.99","934.75","1508.03","0","-179.56"
"kz_asphyxiate","1537.18","-682.83","269.06","1","90.47"
"kz_atelectasis","28.8","-1376.89","-159.96","0.01","88.39"
"kz_athena","1131.53","-2644.88","-527.96","-0.39","89.42"
"kz_atlantis_od3","2758.13","4577.17","-138.96","-0.66","0.42"
"kz_automata","2410.09","2252.65","3744.03","14.89","-176.35"
"kz_autumn_valley_fix","3367.27","-1422.04","-215.96","-0.87","89.55"
"kz_auuughh","-9388.27","9495.98","-6468.96","-0.66","0.1"
"kz_avalon","2552.95","-5466.07","-73.96","-0.43","-179.44"
"kz_avoria","-14034.4","12854.2","-159.46","-0.56","90.76"
"kz_azure","-1693.24","-592.03","0.03","-0.11","-90.29"
"kz_babycat","1304.53","1618.73","-655.96","1.96","-1.4"
"kz_babycat_fix","1244.95","1629.24","-655.93","1.98","-3.3"
"kz_bacho","-263.5","1366.98","64.03","0.76","88.69"
"kz_backwards","2688.28","3258.22","-687.96","-1.76","-179.97"
"kz_bananaysoda","-4246.01","-1916.08","-665.96","1.21","91.73"
"kz_bananaysoda_v2","-4157.69","-2041.99","-665.96","0","90"
"kz_banjo","-14117","3430.82","-580.54","0.88","-0.95"
"kz_basics_b02","1719.01","4180.72","104.03","4.88","90.29"
"kz_baxter","8872.55","6070.3","-1687.96","0.18","-89.95"
"kz_beanguy_v2","2744.45","855.42","-223.96","-1.31","-0.88"
"kz_betapmaps","-8265.2","1981.94","352.03","-2.63","-89.15"
"kz_betterdunjun","-1496.96","-364.79","15.03","-1.31","-0.02"
"kz_beyond_fix","2341.3","-1245.52","-159.96","-1.31","-179.96"
"kz_bhop_algetic","3582.17","8630.91","0.03","-1.32","90.25"
"kz_bhop_badges2","8255.11","-9382.42","-767.96","-1.1","0.05"
"kz_bhop_badges3","-1729.69","4172.58","1344.03","-0.32","-90.06"
"kz_bhop_benchmark","10921.2","12766.1","11504","0.33","-0.17"
"kz_bhop_composure_f","8757.76","-1811.64","-7375.96","0.44","90.21"
"kz_bhop_dusk_go","-4663.08","-6619","-2239.96","0.65","89.55"
"kz_bhop_essence","-11703.9","-9406.29","-2847.96","1.98","88.85"
"kz_bhop_horseshit_9","215.26","4218.52","-7135.96","-3.51","-0.43"
"kz_bhop_koki_niwa","13311.3","-4509.25","1102.03","-1.1","-90"
"kz_bhop_lego","-4918.51","827.35","96.03","-0.87","0.65"
"kz_bhop_lj","901.62","-286.2","96.03","0.78","90.16"
"kz_bhop_lucid","-9757.48","-3323.6","1600.03","-0.66","0"
"kz_bhop_mentalism","-8326.46","925.73","0.93","-1.32","0.43"
"kz_bhop_monsterjam","-14175.5","-5477.66","3776.03","-1.76","-0.43"
"kz_bhop_mosaic_od2","10130.2","-2837.72","-395.46","-1.02","90.18"
"kz_bhop_northface","31.27","-2361.27","647.89","-0.39","90.71"
"kz_bhop_nothing_go","-11930.1","2281.97","32.03","0.48","179.31"
"kz_bhop_proxy_null","3726.18","-3895.99","0.03","-1.64","89.83"
"kz_bhop_rotebal3","-3401.25","-1834.53","-102.46","4.4","0.54"
"kz_bhop_sakura","-6965.54","726.56","-151.96","-1.54","179.28"
"kz_bhop_skyworld_go","-66.43","-1678","352.03","1.92","88.86"
"kz_bhop_slide","-3436.19","-3751.14","-800.96","-1.32","179.34"
"kz_bhop_zenith","69.53","432.19","64.03","-0.24","90.24"
"kz_bible_black","10978.3","-2030.47","-111.96","-0.35","90.38"
"kz_bigcastle","-3746.76","4541.22","2178.66","-0.22","-1.1"
"kz_bing","-749.97","-4151.08","0.03","0","0.66"
"kz_binseebak","2871.02","2785.42","-414.49","0","-0.58"
"kz_bionic","1704.32","-9511.8","-424.96","0.52","-129.25"
"kz_birrita_fix","428.47","-5674.37","50.03","-1.97","90.27"
"kz_bir_dont_fix","3992.17","1568.32","779.2","0.87","-0.87"
"kz_blackness","66.52","3609.14","-1044.96","0.09","90"
"kz_blatherskite_v1","1210.46","1163.83","-383.06","1.45","88.35"
"kz_blindcity_easy_fix","2636.56","3758.54","2208.03","2.5","150.45"
"kz_blindcity_hard_final","2819.37","3815.47","2208.03","1.7","178.82"
"kz_blockhardy2k","1489.98","32.38","-3167.96","-0.43","179.56"
"kz_bloodline","2619.73","7421.38","-169.96","-1.54","-89.46"
"kz_bluuu","10993.2","-7117.5","-27.96","-1.31","-88.89"
"kz_boomblock","-32","-203.98","32.03","-1.31","88.87"
"kz_bored","-6855.08","-1797.79","3013.03","-0.65","90"
"kz_bounce","2604.57","198.76","-255.96","-1.32","89.8"
"kz_bozo","-9467.67","10854.3","6488.03","-0.66","-90.11"
"kz_breezeblocks","443.54","-277.06","16.03","-0.29","131.01"
"kz_bridge17_fix","5405.29","-4117.03","1544.03","11.23","179.86"
"kz_brightblock","-4926.08","1320.43","2606.03","-0.44","91.38"
"kz_burnished","-6866.31","4388.59","114.96","-0.65","-89.97"
"kz_byrem","3419.5","-1723.9","-845.23","3.08","-0.29"
"kz_cabin","-8465.47","-1810.82","-150.96","-2.03","87.49"
"kz_cajou","510.11","-1007.99","1392.03","0.44","89.53"
"kz_canyon","69.31","-528","2528.03","2.69","-90.24"
"kz_carbon","-5560.28","-1667.36","2569.03","-0.67","-179.13"
"kz_cargo","4458.44","7062.64","-2434.14","1.54","-1.46"
"kz_carpet","7624.36","-7736.12","-3965.96","-1.1","1.24"
"kz_carp_v2","-2246.05","38.33","-17.96","0.22","179.58"
"kz_cascade_v3","-2055.7","5381.84","4160.03","1.06","89.02"
"kz_cascade_v4","-2049.75","5333.71","4160.03","0","90"
"kz_castlehops_v3","2287.78","-2123.03","-991.96","0","-90"
"kz_castle_hops","2293.2","-2168.86","-991.96","-0.11","-90.45"
"kz_cataclysm","4240.44","61.24","64.03","-0.93","90.7"
"kz_catharsis_global","2070.81","1516.22","-527.96","0.61","-47.25"
"kz_cdr_myst","-5117.53","-1282.85","-671.96","-1.72","90.36"
"kz_cdr_slash_final","-3941.21","-5384.84","-671.96","-0.35","89.62"
"kz_celestial","1994.18","-668.64","493.03","-0.88","89.09"
"kz_cellblock_go2","4634.73","-5906.17","-1567.96","-0.82","89.79"
"kz_cereal","5698.88","-917.86","-352.4","-1.09","89.71"
"kz_cf_foliage","5978.01","7050.23","128.03","-0.88","-0.47"
"kz_cf_hestia","-11163.7","-6173.8","-6287.96","-1.4","-0.79"
"kz_cf_ikumi","220.78","-1193.67","128.03","21.96","2.63"
"kz_cf_slide","6548.02","4586.69","-287.96","-1.05","89.47"
"kz_cg_brick_rmk","6830.7","-1187.95","-613.96","-0.14","91.1"
"kz_cg_lighthops","1187.28","-809.7","-1275.96","-0.88","-90.7"
"kz_checkmate","-68","-2337.18","-7511.97","-1.34","-89.92"
"kz_cheese","2824.14","-990.16","-206.96","-0.87","89.77"
"kz_cheetos_fix","995.28","-1080.97","40.03","-0.44","-0.2"
"kz_chessblock","-13932.8","-12703","9112.03","0.03","90.28"
"kz_chillin","279.62","3476.18","160.03","-1.32","-179.77"
"kz_chloroplast","690.45","-31.86","-415.96","-0.22","3.08"
"kz_choka_fix","-2463.96","1120.96","2210.03","-0.21","-0.43"
"kz_chopchop","10889.1","-8416.67","256.03","1.32","-90.69"
"kz_christmas_fix","-1759.55","1127.99","-91.96","-0.78","88.89"
"kz_chrysoprase","4900.23","-5889.44","988.03","1.09","88.11"
"kz_chunky_peanut_butter","-13207","11981","15238","-1.1","89.77"
"kz_citadel","-2320.03","2018.62","2200.03","0.67","179.98"
"kz_civilizations","4249.91","5163.22","-1471.89","0.65","-3.29"
"kz_climb","-1324.08","1.06","112.05","0","0"
"kz_coastline_fix","1687.57","-371.7","912.03","-0.88","-0.87"
"kz_coldcliff","-1193.35","-1056.59","-81.6","0","2.42"
"kz_colorcode","5872.88","6267.63","2759.03","-0.5","91.43"
"kz_colors_v2","2588.43","3196.55","12592","-1.2","1.53"
"kz_combobreaker","11195.4","-11893.5","15488","2","-89.54"
"kz_combohop_c02","-924.02","-2601.11","-695.96","-0.88","90.03"
"kz_comboking7k","2917.06","-2459.12","2333.03","1.54","179.23"
"kz_comboya","-4006.86","6166.73","13824","0.11","-89.78"
"kz_communityblock","-5282.02","9217.58","14048","-0.21","-1.05"
"kz_communityjump3","244.97","-2961.04","144.03","2.03","-89.54"
"kz_comp_2022","2054.84","68.41","-693.96","0.65","89.57"
"kz_concept","-2273.13","1393.46","544.03","-0.26","-91.57"
"kz_concretejungle","-430.27","39.18","-4423.96","-0.22","-0.02"
"kz_conrun_mq","564.87","-648.25","-3087.96","0.19","90.52"
"kz_conrun_scrub","550.19","-682.28","-3087.96","-0.59","90.29"
"kz_construction","-1072.64","-536.08","32.03","-0.99","-0.39"
"kz_continuum","-5392.83","996.35","224.03","-1.32","89.59"
"kz_coronado_fix","-4547.97","-1223.59","-424.18","-1.29","90.41"
"kz_correguachin_final","-3216.75","1334","-157.87","-0.46","89.92"
"kz_correguachin_reisido","6334.73","4303.96","-165.96","-0.66","90.41"
"kz_cousucks","-2309.26","2149.01","-3034.84","1.7","0.99"
"kz_cranking_the_hog","12105.8","10877.9","11233","-1.1","87.79"
"kz_crash_fix","8576.97","-1899.91","2164.03","-0.44","-0.44"
"kz_cratespeed","1004.18","-1104.17","36.03","-0.41","-128.34"
"kz_crate_delight_go","2064.03","463.96","320.03","-0.24","-52.76"
"kz_crypt_final","-3359.66","-839.5","-425.96","0.59","-179.39"
"kz_crysis","-2495.4","-1119.99","64.03","-0.74","90.42"
"kz_cthulhu","-4163.44","-2845.83","-28.96","-1.98","89.59"
"kz_cuberunfast","-1754.55","-2656.06","32.03","-0.87","89.76"
"kz_custos","10802","-11796.6","160.03","-0.09","-89.34"
"kz_cyberspace_fix","5681.8","3660.91","444.03","-1.09","178.27"
"kz_cyb_adrenaline_fix","-12418.2","1312.25","0.03","0.37","-90.71"
"kz_dabitu_fix2","5713.03","-10261.6","1554.03","-0.65","179.34"
"kz_dakow","-5059.42","5733.09","3104.03","0.2","-90.06"
"kz_dale","-2297.74","-1040","32.03","-0.11","-89.2"
"kz_dam","-1051.38","968.55","3200.03","0.46","-179.54"
"kz_daniel","-649.54","2495.12","-255.96","-0.67","-90.09"
"kz_dank_stacks","7367.16","1533.98","-7208.96","-0.65","89.34"
"kz_dark_fury","-6204.48","2235.72","512.03","-4.18","86.69"
"kz_date2","-3887.99","1146.04","-2047.96","3.1","0.21"
"kz_default","-186.53","3064.66","-3516.51","1.4","114.2"
"kz_delirium","97","12285","-199.96","-1.54","179.11"
"kz_delivery","11041.4","-2449","14231","11.05","0.84"
"kz_demonhours","2937.74","581.19","335.03","-0.88","-2.05"
"kz_depot","-464.71","1042.22","-47.96","-0.75","89.81"
"kz_desolate","-244.78","-6056.88","340.03","-1.4","-88.27"
"kz_dethroned","-1220.4","-1334.74","-771.18","-0.24","89.61"
"kz_devon","4822.03","2650.97","-70.96","0","0"
"kz_diajonal","266.04","2778.45","-159.46","-0.66","90.05"
"kz_difficultas_discendi","-964.4","-4505.76","48.03","-0.22","-179.96"
"kz_dimensions_v1","3398.37","121.39","354.03","-1.49","-89.69"
"kz_dishonest","-1834.56","5470.93","-2596.96","-1.75","-89.97"
"kz_divert","878.99","6378.82","2460.03","-0.98","-90.88"
"kz_divided","-6081.26","2914.12","-1471.96","-1.32","0.43"
"kz_dontjump","-1752.47","-2784.64","-187.96","-0.66","179.8"
"kz_doubletake","-1077.9","415.41","400.03","0.15","-0.35"
"kz_doveen","175.93","-819.67","0.03","0.77","-179.02"
"kz_drops_od","3042.02","-6460.51","0.03","1.16","179.8"
"kz_drunkards","5496.97","6292.93","-2539.96","-0.87","-91.33"
"kz_dryness","-2530.94","2380.2","1.02","-0.21","-89.74"
"kz_duality_v2","149.49","1129.68","-1695.96","-1.39","-20.52"
"kz_dungeon","-165.51","1007.58","958.03","-1.16","0.27"
"kz_dust","3267.25","4807.58","1657.55","-0.65","-91.74"
"kz_dvn_cube_fixed","-434.83","1327.33","0.03","2.79","90.69"
"kz_dvn_redcarpet","824.09","-255.18","0.03","2.07","-1.54"
"kz_dyd_ladderjumps","887.26","-5.17","0.03","-0.21","-179.52"
"kz_dystopia_h","4663.93","4208.2","1271.03","0","-89.32"
"kz_dzy_beyond_v2","10.57","2713.93","152.03","0.43","-89.92"
"kz_dzy_reach_v2","3625.42","738.05","0.03","0.7","40.08"
"kz_d_decompile","8653.35","-5740.42","-682.21","-0.65","90"
"kz_ea_beneath","1384.73","-354.21","-145.96","1.32","-1.53"
"kz_echo","266.46","-1417.23","2945.03","-1.32","88.67"
"kz_edifice","-357.9","31.14","144.03","2.16","139.03"
"kz_edp445","10069.3","6345.15","16160","-0.03","-179.85"
"kz_egyptianbox","-8482.9","12850.4","2112.03","0.05","89.51"
"kz_egyptmap","129.87","2830.64","-2669.96","-0.66","-90"
"kz_eilrahc","-7659.34","6288.95","1600.03","-2","-0.1"
"kz_eimeristzurueck","-535.44","1180.44","-49.96","-1.32","179.37"
"kz_emblem","3837.91","-5741.3","288.03","-1.51","-89.42"
"kz_emptiness","-997.61","254.61","-175.96","-1.31","-179.37"
"kz_envy","2148.75","-6039.42","-1405.08","0","90"
"kz_ephemeral","-8592.04","10682.7","-769.96","0.86","89.04"
"kz_epiphany_v2","283.34","3758.3","0.03","0.31","89.33"
"kz_epusbridge","-196.19","-1055.96","2672.03","0.99","89.75"
"kz_erbajerb","5357.95","-1855.58","2720.16","-0.65","90.34"
"kz_erinome","3106.26","2535.12","928.03","-0.03","-37.31"
"kz_eros_v2","1526.18","694.45","16.03","-0.82","-90.46"
"kz_erratum_v2","8234.62","3644.74","7296.03","0.14","-0.16"
"kz_euclide_illusionary","-1996.76","-4017.72","-9443.96","-2.52","-89.93"
"kz_eudora","3061.3","-2431.33","11.5","0.44","-178.79"
"kz_eventide","-7454.69","6629.46","16160","-0.12","90.13"
"kz_everything","-8306.89","-2255.36","-847.73","-0.65","-3.05"
"kz_evilcorp","1253.79","601.38","160.03","0.44","-179.22"
"kz_excape","19.8","1275.95","550.09","2.21","90.19"
"kz_exemplum_fix","-1704","-6081.96","-191.96","-1.32","89.78"
"kz_experiment","2595.14","-2659.99","8.03","0.12","89.87"
"kz_exps_cursedjourney","3087.15","3516.18","897.03","2.54","-178.85"
"kz_fabrik","10082","10559.8","-3341.96","-0.12","179.98"
"kz_failed_fastrun_rt","1352.18","-209.67","727.03","0.35","179.72"
"kz_farm","2145.27","-1556.89","5.03","0.01","-0.02"
"kz_farm_v2","2689.1","-1800.52","37.03","2.21","92.05"
"kz_fastcombomap","746.84","4591.99","-959.96","0.08","-89.54"
"kz_fastcombowombo_v2","-8190.43","904.94","2240.03","2.19","-1.3"
"kz_fatigue_v2","-4030.68","-1434.86","-1.96","-0.08","31.88"
"kz_fikablock","-1887.31","3390.44","6690.42","-0.19","-179.9"
"kz_final_ascension","346.53","1067.53","-159.96","1.4","-24.21"
"kz_flabbergast","-13037.4","-14770.9","15162.5","0","90.47"
"kz_floatingislands","5842.51","-2777.58","-159.46","-1.83","89.82"
"kz_flying_rabbits","3307.83","1425.16","0.03","-0.42","-89.7"
"kz_fly_lovers","-2355.63","110.33","9232.48","1.32","-3.96"
"kz_foggywarehouse_v2","-113.49","3.65","1664.03","6.72","-0.66"
"kz_forchi","-7279.44","3175.99","832.03","0.68","90.7"
"kz_forestrace_go","759.71","-2268.9","0.03","0.38","-89.82"
"kz_forgettable","-2487.64","2619.39","-504.96","-0.63","0.07"
"kz_forgotten_fix","2434.11","2023.98","58.1","0.03","-0.73"
"kz_freezing_ridge","3553.22","4772.68","-7295.96","-0.87","-0.25"
"kz_free_ahful","-916.19","-2812.1","464.03","0.08","0.4"
"kz_frenzy","443.95","84.37","-155.96","9.08","-0.65"
"kz_func_detail_v2","-953.69","2705.24","0.03","-1.2","179.56"
"kz_fury","404","478.2","96.03","0.65","0.22"
"kz_fused","456.86","1026.61","879.03","-0.68","90.09"
"kz_futureblock","-254.08","-1216.09","-95.96","-1.32","90.07"
"kz_f_salted_banana","-1194.78","4631.64","224.03","-2.64","89.79"
"kz_gallus","1031.91","1452.59","64.03","-0.89","0.08"
"kz_garish","6595.38","8030.9","2848.03","1.32","-0.14"
"kz_gary","-1694.72","616.47","64.03","0","-91.41"
"kz_gemischte_gefuehlslagen","3930.71","-1478.58","-176.96","-0.22","-90.49"
"kz_genesis","5566.29","-524.91","-5631.96","-0.21","-0.43"
"kz_gfy_fortroca","2580.3","890.52","-2165.85","0.44","1.53"
"kz_gfy_fortroca_finallll","2653","905.92","-2167.96","-0.29","0.84"
"kz_gfy_limit","1239.17","-938.9","144.03","-0.59","0.88"
"kz_gfy_tech","1700.14","-154.89","-751.96","0.22","179.39"
"kz_ggsh","8796.16","7845.22","-829.96","1.76","179.98"
"kz_ggurk","14.82","7645.05","64.03","-1.32","90.4"
"kz_ghat","-3306.64","-2102.29","32.03","-0.01","-90.85"
"kz_ghs","5070.36","1013.64","-1074.96","0.65","-178.95"
"kz_gigablock_go","-776.22","-206.39","2176.03","-0.17","0.35"
"kz_gitgud_final","1812.94","-561.4","3622.03","0.14","179.69"
"kz_gkd_v2","-285.39","555.98","-415.96","-0.43","0.65"
"kz_glide","-3576.14","1233.35","-879.96","-0.65","-90.43"
"kz_gloom","577.52","1112.41","2656.03","-0.49","-0.19"
"kz_glow","4330.9","843.03","-281.98","1.53","87.56"
"kz_gluttony","-9766.61","-1035.09","-4159.26","0","90"
"kz_gobbledygook","2614.08","-3588.73","-605.96","-1.05","89.79"
"kz_goldenroad","1985.92","-1075.92","4155.03","-0.65","179.91"
"kz_goldentabby","608.77","-1219.55","639.03","-0.07","90.22"
"kz_gonbe","2165.73","3017.2","-133.96","-0.45","-89.75"
"kz_goodluck_p","-988.17","885.89","266.03","-0.14","90.06"
"kz_goquicklol_v2","6310.24","-54.01","-257.13","-0.93","92.38"
"kz_grate","-1092.99","-588.3","0.03","-0.59","-179.96"
"kz_green","-1274.12","-212.74","-47.96","0.1","-89.68"
"kz_greyorgray","601.63","-6263.86","-95.96","-1.1","89.12"
"kz_gus","3784.77","3313.78","320.03","-3.3","90.22"
"kz_gus_sct2","-7206","8664","-340.96","0","-90"
"kz_gy_agitation","-13378.6","6883.19","7452.03","-0.54","0.22"
"kz_halicarnassus_fs","-2474.89","232.03","2938.27","1.09","-2.67"
"kz_hammer","876.82","-3093.54","72.03","0","0"
"kz_haste","2762.7","-30.98","2562.03","-1.09","90"
"kz_hate","4062.05","-1400.26","670.53","-0.65","89.38"
"kz_hb_3kliksphilip","-707.24","-1311.96","-575.96","-0.21","89.83"
"kz_hb_anduu","4395.68","736.03","-191.96","-0.66","90.06"
"kz_hb_bacon","520.09","-1447.59","0.03","-0.65","-89.97"
"kz_hb_fafnir","-3375.96","-1023.13","-1599.96","-1.32","-179.96"
"kz_hb_fyksen","2484.67","3166.01","-191.96","0","90.19"
"kz_hb_lowlita","2203.07","2429.38","-291.96","-0.66","-179.37"
"kz_hb_lrs","5313.3","-1901.96","-191.96","0.21","90.86"
"kz_hb_smieszneznaczki","-7856.22","4768.28","-191.96","-0.66","90.47"
"kz_headbongo","3270.64","-6637.96","-386.96","-1.76","90.47"
"kz_heatvents_mq","2136.75","4295.38","2136.03","-0.86","-89.89"
"kz_heatvent_mq","2119.23","4311.96","2136.03","-0.48","-89.75"
"kz_heaven_od","7213.77","-1797.16","-3657.96","1.95","1.84"
"kz_hek","-4651.26","-421.03","-31.96","5.27","-89.25"
"kz_hemochromatosis","5503.63","1594.85","-246.96","-0.23","-0.47"
"kz_hideous","-34.71","-257.3","-743.96","3.08","-0.22"
"kz_highland","1464.95","6873.87","256.03","0.7","179.87"
"kz_high_socks","269.11","-468.96","-783.96","0.21","89.59"
"kz_high_tech","1200.59","322.02","257.03","1.14","-90.19"
"kz_hikari_od","-4142.23","-6610.63","-226.94","1.53","89.15"
"kz_hitech","-7440.89","-6154.18","-249.96","-0.21","-89.8"
"kz_hoist","5332.82","-5737.41","-111.96","-1.09","90"
"kz_hoist_fix","5015.76","-5389.63","-111.96","0.35","0.41"
"kz_holdmyhand","-1794.54","147.25","-1828.96","-0.21","-0.07"
"kz_holmu1","8134.05","211.21","7883.03","5.95","-0.52"
"kz_holyspace","-3758.22","-844.51","2945.03","0.08","88.15"
"kz_hope","5766.53","-3554.54","1861.03","-4.22","89.19"
"kz_house","-2143.42","-459.78","-446.96","2.96","179.23"
"kz_how2slide_fix","11170.5","-100.92","-18.96","1.76","178.13"
"kz_htc_purgatory","-14020.8","-15203.2","15246","-0.12","89.92"
"kz_huber","-1328.78","-1242.05","0.03","-0.88","179.87"
"kz_hydromancy","4413.17","4389.32","128.03","0.54","89.92"
"kz_hypothermia","-1115.07","-5926.98","519.03","-0.46","177.87"
"kz_hyroblock","598.71","-443.36","-607.96","1.53","179.41"
"kz_ice_od","3297.17","-9409.65","-2182.78","-0.86","0.14"
"kz_ickkck","-375.22","-2097.14","-47.96","-0.56","-89.91"
"kz_igneous","2051.78","-9012.3","2819.03","-1.31","89.73"
"kz_illusion_gfix","1375.67","641.48","772.03","1.31","-178.8"
"kz_iluvprok_global","4306.75","1824.12","-287.96","-0.32","-0.44"
"kz_imaginary_final","3.23","-9704","132.03","-0.56","89.99"
"kz_innit","1296","-573.67","28.03","-0.75","-0.16"
"kz_insomnia_fix","1143.79","1947.06","-221.36","20.72","-88.67"
"kz_inspired","3987.19","1588.92","538.03","0.17","179.74"
"kz_intercourse!","4972.61","1095.06","-351.96","4.83","179.2"
"kz_internatus","-212.57","270.41","0.03","0.17","152.29"
"kz_invision","-1334.87","11428.7","9792.03","-0.44","-89.98"
"kz_itz_transcendent","296.96","6701.07","-63.96","0.21","90.93"
"kz_itz_updown","-1113.41","-2338.3","224.03","-2.28","90.03"
"kz_j2s_westbl0ck","-1469.55","-1952.89","-2047.96","-0.62","0.33"
"kz_johndoe","3385.64","-1047.72","-159.46","-0.87","90.62"
"kz_jump_n_run","1633.24","-3006.2","64.03","-0.79","89.96"
"kz_kareful","3089.56","-919.33","1271.19","-1.32","0.43"
"kz_kat_colorblind","5534.42","3146.57","-463.96","-1.31","88.86"
"kz_kays","9985","9063.03","-170.96","-1.31","88.89"
"kz_kingsbay_v2","4178.24","9563.78","2208.03","0.61","-0.88"
"kz_kiwibridge","449.27","-10784.1","192.03","17.81","-0.06"
"kz_kiwideath","-3291.5","-5390.94","-1879.96","-2.42","89.59"
"kz_kiwiexophoric","3314.23","-449.94","48.03","4.95","178.5"
"kz_kiwiexultation","1827.04","-4367.63","-855.96","-1.09","88.64"
"kz_kiwifactory","2855.73","-1751.23","-508.96","-2.64","88.93"
"kz_kiwimind","-1829.11","-4317.75","-1879.99","-1.53","90.25"
"kz_kiwimirific","-1016.95","-1582.79","132.03","0.22","-178.92"
"kz_kiwionerous","-779.61","-1599.54","128.03","1.32","179.98"
"kz_kiwipsychosis","-2849.21","-7389.72","6958.03","-0.22","90.25"
"kz_kiwiqualia","-2853.23","-7389.75","6958","-2.86","88.71"
"kz_kiwislide","-227.18","603.13","792.45","2.19","-178.87"
"kz_kiwitech","6167.99","2755.02","872.02","-2.42","89.09"
"kz_kiwiterror","1828.87","-4367.73","-855.96","1.75","88.86"
"kz_kiwitown","5439.26","-456.76","-1007.96","-0.44","-0.66"
"kz_kiwi_cod","2530.96","6633.24","2927","-0.65","89.35"
"kz_kiwi_hym","-9607.41","8791.31","-508.96","1.88","92.01"
"kz_kiwi_lars","3860.06","720.24","-343.99","-1.32","89.38"
"kz_kohze_sucks","2060.53","-9477.38","32.03","-0.88","-89.99"
"kz_kukkojapallokidutus","-2101.52","2421.72","-2423.96","-0.44","-1.1"
"kz_kzinga_fixed","-220.31","326.63","0.01","-0.05","62.89"
"kz_kzra_bars","1775.99","-132.23","-1739.96","0","-179.78"
"kz_kzra_cliffy","1544.75","928","-11528","1.54","89.54"
"kz_kzra_coast","-2453.28","-2189.02","-655.96","1.76","88.66"
"kz_kzra_fustcaves","3697.09","530","-191.96","0","89.39"
"kz_kzra_greycliff","5332.08","-521.96","-191.96","0.44","90.19"
"kz_kzra_hohum","9270.78","-257.32","606.03","2.53","88.72"
"kz_kzra_oddland","-332.22","474.02","-175.96","-0.43","90.19"
"kz_kzra_rockloy","-3844.41","-93.96","-191.96","0.44","89.61"
"kz_kzra_rocky","6120.09","1477","1336.03","0.65","91.15"
"kz_kzra_shortclimb","-3708.96","-11055.1","-15500","-0.33","90.41"
"kz_kzra_shortclimb_v2","-3486.71","-10569.2","-15500","-0.99","-179.78"
"kz_kzra_slidepuf","4670.15","-4030.9","1116.03","-1.1","90.42"
"kz_kzra_stonebhop","-5644.2","814.03","-191.96","0.88","89.76"
"kz_kzra_stoneishbhop","-878.78","8.09","-607.96","0.22","90.27"
"kz_kzra_suhu","102.4","-619.49","-511.96","0.21","-90.42"
"kz_kzra_undercastle","5894.33","-1161.96","-191.96","1.09","90.49"
"kz_kzra_whitesquare","12261.8","2560.55","15552","-0.61","89.94"
"kz_kzro_2boxes1room","4572.91","-2181.96","-191.96","1.1","90.49"
"kz_kzro_basalt","1091.65","-527.96","-1735.96","0","89.83"
"kz_kzro_beknowater","3378.77","-1295.96","-511.96","0.66","90.85"
"kz_kzro_brickstgrass_v2","-4467.73","-3295.94","-351.96","0.22","90.05"
"kz_kzro_cavehole","1877.45","246.03","-191.96","0.66","90.64"
"kz_kzro_cavernste_v2","-2751.43","2351.67","276.03","3.51","-2.92"
"kz_kzro_chairs","2030.13","-3517.99","-191.96","0.43","89.61"
"kz_kzro_cryscosrun","-4051.54","-605.96","-191.96","0.43","89.97"
"kz_kzro_darkhole","3334.82","1988.03","-191.96","0.43","90.93"
"kz_kzro_excitedbhop","861.82","-3785.96","-2183.96","0.65","90.49"
"kz_kzro_fastcliff","-2543.97","758.95","1216.03","-1.31","0.73"
"kz_kzro_gohome","-1463.45","-2703.99","-1095.96","0.22","90.19"
"kz_kzro_greybrickbhop","2406.55","-3797","-255.96","-0.65","0.43"
"kz_kzro_hardhoodoo","-413.68","-829.82","0.03","0","-91.51"
"kz_kzro_hardvalley","-324.59","745.57","-639.96","-0.65","89.31"
"kz_kzro_hexonay","4978.48","-3745.95","-191.96","0.43","90.41"
"kz_kzro_jaashs","-312.51","-1313.24","-543.96","0.44","-90.42"
"kz_kzro_justgrab","-1517.04","-4481.96","-191.96","0.65","90.42"
"kz_kzro_mountainbhop","3687.89","-111.96","-123.96","0","89.4"
"kz_kzro_mountainhaya","4101.71","202.04","-191.96","0.44","90.05"
"kz_kzro_mountainroad","3395.8","-2221.36","-303.96","-0.43","0"
"kz_kzro_mountainsein","-3153.55","4840.03","2008.03","0.21","89.17"
"kz_kzro_mountainsnow","-2815.54","3310.05","464.03","-1.32","-89.1"
"kz_kzro_sekiseibhop","-5799.35","1058.02","-191.96","0.65","89.83"
"kz_kzro_shima_v2","746.62","4762.01","1008.03","0.65","90.2"
"kz_kzro_skyrocks","-7888.46","2050.03","-8895.96","0.43","89.97"
"kz_kzro_slidesmear","-4684.8","-1610.97","-2144.96","1.75","89.75"
"kz_kzro_smallcanyon","2910.83","-1935.96","-191.96","0.66","91.08"
"kz_kzro_speedcavescape","-1659.02","-4201.96","-191.96","0.43","90.05"
"kz_kzro_sunmountainset","-389.29","-3226.54","-151.96","-0.87","90"
"kz_kzro_syotiles","-3890.94","-1965.93","-191.96","0.65","90.71"
"kz_kzro_tamlair","2570.19","-1421.96","-467.96","0.43","90.05"
"kz_kzro_wallblocks","446.45","-2616.96","-1479.96","0.21","-179.74"
"kz_kzro_whiterock","-535.42","-899.36","-3046.69","-0.44","-88.44"
"kz_kzro_yaruna","5302.2","-2525.96","-191.96","0.87","90.19"
"kz_kzse_aztectemple","-2278.46","1623.58","226.03","-0.21","-1.08"
"kz_ladderall","-3826.27","2714.59","64.03","-0.65","-91"
"kz_ladderdespair","4607.95","-1419.96","1257.03","-1.09","89.77"
"kz_ladderhell_fix","-1370.69","219.54","64.03","-0.43","90.25"
"kz_ladderhorror","2211.38","-768.1","2020.03","0","89.55"
"kz_lair","1941.1","2082.73","2248.03","-0.87","89.77"
"kz_lastwork_p1","-2682.41","-13085.4","-11629","-0.21","180"
"kz_lastwork_p2","925.14","-6519.82","204.53","0","180"
"kz_layercake","4695.15","1180.62","-127.96","-0.43","179.81"
"kz_lazy","-2992.3","-1426.75","-726.96","0","90"
"kz_lego","256.43","198.33","72.03","1.54","89.81"
"kz_legoland","4198.11","-2317.96","1089.03","-0.87","89.98"
"kz_lego_two_redux_v3","-3688.68","-3643.78","0.03","0.33","-0.52"
"kz_leto_v2","-4125.06","-137.31","-511.96","-0.6","-0.01"
"kz_levels","-2287.79","5014.24","-511.96","0.07","179.5"
"kz_life_final","-651.77","-3262.48","-948.96","-0.51","70.1"
"kz_linoleum","-1410.88","421.11","648.03","-0.88","90"
"kz_lionharder","-4865.06","599.12","-220.96","0","-179.72"
"kz_lionheart","-1750.16","11685","1219.03","0.73","-179.5"
"kz_list_gnida_v2","-2259.88","408.97","-41.96","-0.44","0.66"
"kz_lmn","1323.48","1325.99","124.26","3.08","2.25"
"kz_loathe","-2774.71","-1899.18","-5054.96","-1.53","-179.77"
"kz_loftroofs","-2386.8","-2489.49","32.03","0","90.29"
"kz_longjumps_easy","-28.45","-63.42","24.03","0","89.75"
"kz_longjumps_space","-3274.59","-1333.63","-134.96","-1.12","90.63"
"kz_lookout","-361.41","371.72","32.03","1.32","0.66"
"kz_lost_marketplace","5215.3","1983.66","-158.96","-0.21","-89.91"
"kz_lost_marketplace_gfix","4899.94","1328.28","-133.96","-1.05","0.11"
"kz_lovely","6559.07","-58.41","-975.96","-1.09","89.39"
"kz_lovesick","-2619.46","-934.89","1168.03","1.75","93.69"
"kz_ltt","6233.4","5232","4768.03","-1.53","89.29"
"kz_lume","-612.97","-1359.99","512.03","1.54","89.48"
"kz_luonto","3249.98","3468.08","124.03","1.22","0.99"
"kz_lust","7709.25","-847.82","-509.86","14.87","90.23"
"kz_luv_less","-14565.2","-2007.2","128.03","-0.65","178.86"
"kz_machinery","-560.03","211.84","256.03","0.21","-179.97"
"kz_magus","-772.22","-1323.87","256.03","-0.82","-90.51"
"kz_malignom_short","343.94","2476.28","-159.46","-0.43","89.11"
"kz_mandelbrot","8667.88","7572.46","15968","0","-89.55"
"kz_man_everest_go_fix","5561.94","-4278.94","-159.46","-0.7","92.45"
"kz_matilda_np","-139.23","611.54","-607.96","-1.46","90.01"
"kz_maya","-2095.85","2091.27","-983.96","0.88","92.38"
"kz_mazemerized","6624.58","4626.89","1464.03","-0.84","-179.94"
"kz_meander","-1499.66","-1141.71","-1.96","-0.65","-0.52"
"kz_mediumcastle","-2085.11","-500.74","80.03","-0.04","179.48"
"kz_megalodon","-7745.88","5060.61","-1093.22","-0.84","-90.15"
"kz_memento","419.37","2964.38","-635.96","-0.75","179.93"
"kz_mescaline_f","-759.27","-384.18","78.03","4.18","-179.42"
"kz_mess","3663.57","1202.27","3072.93","-1.32","0.22"
"kz_metalrun_global","1769.05","-2491.23","800.03","0.59","-0.55"
"kz_micropenis","3670.96","1793.43","1607.03","-0.44","1.09"
"kz_microwave","7741.96","-933.45","-804.96","0","90"
"kz_micro_bad","1370.82","-537.19","56.03","16.19","-91.13"
"kz_mieszaneuczucia","1107.06","-3192.23","272.03","0","-89.65"
"kz_mike_v4","-441.83","1588.96","1568.03","0.26","90.22"
"kz_milehigh","2756.44","3037.68","3375.77","-0.44","179.8"
"kz_minimalism","5934.5","-1575.96","1296.03","-0.15","89.75"
"kz_minimal_combo","-366.41","674.75","0.03","-1.24","90.41"
"kz_minimountain","127.03","1072.72","-882.96","0.42","0.08"
"kz_minimountain_f","177.81","1072.37","-882.96","2.79","0.37"
"kz_modernvomit","-349.92","-239.15","-791.96","-0.73","-0.54"
"kz_module","-2101.49","896.07","128.03","0.15","-0.09"
"kz_moonlight","-6515.91","6301.01","-4335.96","-0.29","-89.43"
"kz_moon_fix","-10203.2","5328.2","395.91","0.65","90.86"
"kz_moorerutan","-1818.28","-79.32","64.03","-1.1","90.55"
"kz_moorish","2341.12","-1178.92","604.01","0.88","90.2"
"kz_morebricks_msq","734.75","229.18","2624.03","-0.82","-179.57"
"kz_morestairs_msq","880.39","272","256.03","-0.84","89.69"
"kz_motivated","8418.23","-6198.76","-531.96","0","180"
"kz_msp_comatose","3690.89","1228.03","-95.96","-1.28","90.29"
"kz_mushrruption_v8","909.14","-8067.63","-13359","0","-89.21"
"kz_nassau","9827.48","7675.09","16160","-0.22","-90.22"
"kz_natureblock_scte","-1787.15","1090.42","65.03","-1.32","-90.69"
"kz_nbdy_maps","7666.02","-7655.55","8862.03","-1","-91.44"
"kz_nb_final","10178.9","-12647.7","-682.21","-0.66","89.39"
"kz_nebula","-3736.99","8497.18","-1535.96","-1.1","-90.22"
"kz_neoncity_z","-9271.17","7422.07","32.03","-0.87","-90.42"
"kz_neon_portal","731.12","-879.67","19.03","2.34","-0.36"
"kz_nieh","7001.83","-9669.24","32.03","0.22","89.31"
"kz_nightcastle","1106.12","2465.64","432.03","0","90.44"
"kz_nightfall","11216.1","-9832.34","-127.96","-0.65","89.83"
"kz_nightmare_v2","-14.56","1656.66","2788.03","-0.09","0.66"
"kz_nix_od","3307.25","-9403.58","-2182.78","0.44","0.22"
"kz_nomibo","-3370.22","-3292.59","64.03","-2.31","89.67"
"kz_noobfort","4478.53","2556.16","1827.53","0.22","-179.79"
"kz_notes","-4787.88","112.65","-783.96","14.65","90.48"
"kz_nuclear","-1759.65","-449.91","-827.96","0","0.27"
"kz_nx_deciduous","180.84","-1427.02","-441.96","4.78","1.25"
"kz_nyc_v1","2324.23","1526.07","2464.03","2.62","179.35"
"kz_nymph","-1375.79","2317.16","-697.96","0.28","-179.6"
"kz_oasis","8449.97","-2064","80.03","0.19","-89.96"
"kz_obsidian","3963.61","-2932.13","7808.03","-0.49","-179.91"
"kz_okaychamp","654.18","-5702.43","-583.96","-1.1","90"
"kz_oldstuff","993.74","-3279.19","720.03","-0.05","178.86"
"kz_oloramasa","-4957.21","7682.74","-7271.96","2.16","179.39"
"kz_ominous2","757.51","1952","2800.03","1.67","90.19"
"kz_openspace","2418.45","-6005.94","-3391.96","3.92","1.86"
"kz_opus","2300.56","-8296.07","-2845.96","-1.75","89.57"
"kz_orangejuice_v2","4936.97","2074.14","0.03","0.01","-89.56"
"kz_orbolution_v2","3456.04","-6673.25","3176.03","-0.19","90.73"
"kz_otakuroom","-642.24","-2736.92","2099.71","0","89.4"
"kz_overgrowth","-2619.14","2859.33","2176.03","-0.47","90.66"
"kz_overjoyed","289.62","-1067.25","-87.24","0.07","-88.52"
"kz_owtetad","3456.96","-5087.22","-1483.96","-0.22","90.02"
"kz_p1","-101.15","-1231.05","-2023.96","-0.14","90.78"
"kz_pamehcilc","189.58","2238.34","-991.96","-1.31","0.23"
"kz_pantheism_p02","5639.88","3057.35","4320.03","1.21","-87.41"
"kz_paradise","-773.08","658.4","-127.96","0","90.56"
"kz_pendulum","-233.07","4177.49","-158.96","0","0"
"kz_perfunctory","-2849.87","1501.21","-448.96","2.64","-90.17"
"kz_perf_darkcave","-3893.47","-1177.9","-191.96","0.43","90.2"
"kz_persona_is_a_dictator","1454.98","-2798.86","-401.96","-1.32","91.71"
"kz_persona_is_a_furry","-3143.12","-1966.38","-7544.96","-0.22","90.72"
"kz_pharos_fix","668.16","1685.65","16.03","-1.1","-90.45"
"kz_phaztec","-8.14","1147.68","128.03","0.75","-90.13"
"kz_pineforest_v2","9435.26","10471.3","-11776","-0.22","-90.91"
"kz_pixelrun_v2","531.81","1374.51","1704.03","-0.4","90.99"
"kz_plains","-1650.01","2156.71","-160.96","-0.49","90.26"
"kz_pollution","-288.81","262.5","-63.96","0.26","91.02"
"kz_porridge","8181.72","-3999.77","-159.96","-0.12","91.84"
"kz_portalclimb","-12069.9","7631.44","8730.03","-0.21","90.63"
"kz_portal_fix","1445.87","-749.07","-4489.96","-0.21","90.21"
"kz_prefix_cliche","1319.48","-298.01","128.03","0.66","89.17"
"kz_prekeeper","6597.03","-5310.33","14336","0.15","-89.57"
"kz_prismus","912.03","124.06","720.03","-0.33","0.7"
"kz_procrastination_f","3032.19","-2735.13","-539.73","1.88","90.85"
"kz_progressive","2782.91","1277.59","128.03","-0.22","-89.3"
"kz_project","-5715.6","-2681.9","-158.96","-0.89","89.92"
"kz_prolific","6280.81","12481","1015.03","-0.65","0.41"
"kz_prototype","-14052.9","-1575.35","15236.5","-0.7","90.95"
"kz_psychosomatic","1895.6","-10180.6","-871.96","-1.75","179.52"
"kz_psyk","3018.01","1069.02","-2407.96","-0.22","2.72"
"kz_psytime_go","2310.57","4377.98","1312.03","2.63","88.62"
"kz_purgatory","-13840.4","-14589","15278","0.43","0.01"
"kz_quadrant_fix","-1136.4","40.2","64.03","0.54","-178.93"
"kz_question","-2322.36","-240.98","20.03","-0.21","0.34"
"kz_quick7_v2","-1761.64","-2187.07","33.03","-1.1","0.08"
"kz_quicksand","-470.2","287.51","32.03","-0.05","-48.53"
"kz_quickshot","2677.41","-794.67","-47.96","-1.31","89.83"
"kz_quixotic","-139.83","431.93","-511.96","0.26","-89.86"
"kz_railings","1477.03","1021.78","-114.96","-0.77","90.32"
"kz_rarkovosis","237.16","-1759.7","98.03","0.44","-179.76"
"kz_rcn_impermanence","1132.57","776.36","-62.96","-1.02","0"
"kz_rcn_optimisery","1982.52","-631.53","591.03","-0.44","-0.3"
"kz_reach_v2","-1191.7","-118.76","-831.96","0","-90.44"
"kz_rectangle","2738.42","-1635.84","12.03","0","90"
"kz_redemption_csgo","890.2","-3275.6","2568.03","23.7","-17.6"
"kz_redline","2974.12","-2759.99","332.03","-2.23","90.98"
"kz_refract","2360.5","3305.3","40.03","0.66","-89.37"
"kz_refuge","-787.34","710.18","347.03","-0.65","-179.37"
"kz_remedy_v2","-1687.02","861.15","-171.96","1.79","-90.33"
"kz_research","4622.29","-5157.32","-353.96","0.21","-88.66"
"kz_retreat","-73.56","172.63","-223.96","-0.66","-89.11"
"kz_retribution_v2_final","-12880.6","-12433.2","-79.96","-1.02","-89.55"
"kz_return","-5266.53","-1628.97","-223.96","-0.29","90.07"
"kz_reverse","3092.39","7752.14","9778.03","0.44","90.42"
"kz_rise","1432.03","-11637.2","-15.58","0.09","-177.94"
"kz_rlk","-523.94","-242.15","64.33","-0.52","178.7"
"kz_rockclimb","-113.23","-434.42","-47.96","-0.45","-88.93"
"kz_rockjungle_v2","-1943.77","3283.74","1.36","-1.59","-29.13"
"kz_rocks_global","6653.16","-3640.38","-1207.96","-0.97","-87.7"
"kz_roman","-4401.51","-1404.53","-1461.96","-1.32","89.99"
"kz_rompenutrias_asheglado","4022.15","1435.95","-150.96","-0.88","89.62"
"kz_ronja","1234.99","-1675.12","2632.03","-0.87","90"
"kz_rumzor","-794.98","1777.72","2016.03","0.02","-89.96"
"kz_rush2sk8","165.79","502.04","448.03","-0.21","89.56"
"kz_rush2suck","11819.9","-590.1","-1003.96","-1.98","-90.45"
"kz_sakhalin","2919.97","-6168.66","-183.96","9.01","-91.44"
"kz_sandbox","13730","-12160.8","13104","-1.83","-91.17"
"kz_sandstone_mq","3669.52","-474.29","-137.46","0.6","91.03"
"kz_sandstorm_ez","862.31","1645.09","-129.77","0.87","-179.97"
"kz_sanguine","761.88","932.67","-1183.96","12.9","-0.79"
"kz_scicret","5704.06","3170.39","359.03","3.07","1.11"
"kz_scum","7149.4","-5308.9","-4684.66","-0.22","0.65"
"kz_sc_collapse","-2676.53","9438.77","-127.47","1.09","0.68"
"kz_sc_ruins","-5659.93","-1999.8","-127.46","1.32","0.01"
"kz_sc_surf","3774.93","-5030.45","-127.46","1.09","0.9"
"kz_sendhelp_final","5850.65","-8929.69","128.03","0.33","90.7"
"kz_serenity","1007.96","4328.13","16.03","-1.06","-179.87"
"kz_shaft_fix","-166.38","-1471.34","32.03","-1.58","-90.19"
"kz_shark","-37.23","177.04","8.03","-0.19","0.65"
"kz_shark_gc","159.4","-6891","-207.96","2.86","1.08"
"kz_shell","-10146.8","12931.2","14992","0.26","-89.83"
"kz_shortcut_tx","-257.04","603.97","0.03","-0.66","89.98"
"kz_silk","-1099.71","6372.84","173.03","1.75","0.02"
"kz_silk_e","-1088.32","5367.16","173.03","2.04","-0.49"
"kz_simplejourney","7680.9","2967.06","1056.03","0","90.42"
"kz_simple_sp","3375.94","215.04","64.03","-2.2","0"
"kz_simplicity_v2","5378.27","-549.32","0.03","2.32","-90.94"
"kz_simplyhard","2470.7","4533.05","-476.96","2.63","-177.37"
"kz_skybridge","2471.32","2234.6","-119.96","-3.07","179.74"
"kz_skyhotel","-4532.58","-979.95","-487.96","-0.02","89.82"
"kz_skytower","318.99","-946.96","7192.03","-0.53","90.19"
"kz_skytower_final","1236.95","-661.36","7168.03","-0.21","-179.07"
"kz_sky_lake","8876.22","-7482.19","1312.03","14.14","-1.71"
"kz_slate","5704.11","-2555.63","-4095.96","-0.53","90.67"
"kz_slidebober","-13745.7","-15712.3","15057","0.67","91.76"
"kz_slidemap_fix","-3193.51","-1415.99","-2633.96","-0.43","179.96"
"kz_slide_0x7_n1m0","9542.27","3392.05","-5119.96","1.53","-179.55"
"kz_slide_arid","1153.26","2520.49","-319.96","-1.58","90.68"
"kz_slide_bozo","373.81","-5589.82","-447.96","0.66","179.09"
"kz_slide_cave","3080.71","8671.84","-249.06","-0.87","0.03"
"kz_slide_concrete","-557.12","-812.86","-263.96","0.87","-179.74"
"kz_slide_deee","-5268.61","3333.7","-63.96","-0.22","89.78"
"kz_slide_dydanhomon","5.87","-13829.2","15426.5","1.13","90.72"
"kz_slide_era","-4308.75","-1543.78","-159.46","0.18","90.58"
"kz_slide_isnt_kz","-6666.35","2563.8","-159.46","-0.87","89.55"
"kz_slide_kissa","14769.7","-1593.02","-352.96","0.21","-0.19"
"kz_slide_koira","-3861.68","-4583.3","-97.96","1.09","0.29"
"kz_slide_leto","-3095.85","2416.89","32.03","0","-179.83"
"kz_slide_or_dont","1488.27","-2206.76","-260.96","-0.66","1.56"
"kz_slide_pallokala","126.49","-4769.29","1077.03","0.21","90.88"
"kz_slide_pisauva","-2198.5","-4595.88","-118.46","-1.54","179.52"
"kz_slide_piss","596.32","688.09","288.03","-1.1","179.1"
"kz_slide_purple_x","-13001.8","-13918.5","14998","0.77","90.41"
"kz_slide_red","-4276.1","-2601.25","-217.96","-0.65","-0.43"
"kz_slide_rovod","5747.02","8466.97","3036.21","-0.65","0.22"
"kz_slide_svn_extreme","2.17","-11526.2","15170.5","0.65","90.29"
"kz_slide_svn_temple","-13302.3","-15871.3","15425","0.45","91.25"
"kz_slide_vaahtera","3632.15","-1610.6","-1013.96","0.65","0.89"
"kz_slide_wasteland","2620.18","-874.06","36.03","1.53","-89.57"
"kz_sloth","4513.89","564.43","-479.96","-0.65","0.67"
"kz_slowerrun","-7407.11","-5315.5","-307.96","1.98","91.09"
"kz_slowrun_global_fix","-7406.54","-5345.28","-307.96","1.75","90.66"
"kz_slumpfrageous","9363.81","5708.7","16160","-0.04","-90.34"
"kz_smallcastle","-3614.98","-1355.39","-303.96","1.97","0.89"
"kz_smallmap","4763.22","-1797.43","-159.46","-0.33","89.15"
"kz_smb","11942.7","11362.6","-179.96","4.18","0.45"
"kz_snowman_v2","366.79","-507.97","64.03","1.59","86.46"
"kz_sn_desert","3696.53","1638.37","516.03","0.88","90.89"
"kz_solidarity_v2","482.9","1289.52","-1215.96","-0.12","179.83"
"kz_something","-4178.37","-6710.92","376.03","-0.43","-89.76"
"kz_sonder","595.76","-3804.59","-1222.75","1.53","1.11"
"kz_souljaboy","-1982.5","-142.05","56.03","3.07","90.05"
"kz_south","-768.51","-3464.06","-11.96","3.07","-89.12"
"kz_sp1_aoirobhop","3711.44","-1805.99","-191.96","0.44","91.07"
"kz_sp1_behold","1961.22","-6306.16","-2239.96","0.88","90.93"
"kz_sp1_bloodyljs_v2","-407.52","1475.55","-191.96","-0.21","91.23"
"kz_sp1_blueconcrete","-142.89","-848.03","-767.96","0.88","-89.54"
"kz_sp1_candles","4148.24","-207.8","-279.96","1.31","89.75"
"kz_sp1_castaway","1.8","-1983.91","-2437.96","0.87","90.85"
"kz_sp1_driedblocks","511.21","-869.99","-1495.96","0.88","90.49"
"kz_sp1_greenconcrete","-259.6","-703.85","-511.96","0.44","89.75"
"kz_sp1_greyconcrete","-246.25","-703.96","-511.96","0.66","90.19"
"kz_sp1_greyhollowrock","-2711.25","-139.96","-2751.96","-0.65","90.42"
"kz_sp1_hallwaybhop","-868.08","2240.07","-1743.96","0.21","-0.22"
"kz_sp1_hiragana","92.13","-1986.65","-735.96","0","-89.54"
"kz_sp1_icecave","5391.32","-1553.97","-191.96","0.87","90.42"
"kz_sp1_inverseblocks","4700.89","1914.02","3592.03","0.87","90.08"
"kz_sp1_kansopyon","-2647.79","-1565.96","-191.96","0.66","90.27"
"kz_sp1_katakana","-331.02","-66.44","-831.96","-0.22","-90.19"
"kz_sp1_kyuubisroom","2540.18","-4853.99","-191.96","0.87","90.41"
"kz_sp1_parallelblocks","-1548.51","-1307.87","-487.96","0.65","90.27"
"kz_sp1_perf2win","-767.51","2406.76","-479.96","1.53","88.21"
"kz_sp1_purpose","2908.45","3320","-191.96","0.87","89.98"
"kz_sp1_redbrickbhop","-1699.28","-1621.96","0.03","0.66","90.42"
"kz_sp1_redconcrete","-261.07","-703.96","-511.96","0.88","89.75"
"kz_sp1_rengapyon","1678.64","-3733.96","-191.96","0.66","89.75"
"kz_sp1_rockcanyonblocks","727.39","-4055.96","-935.96","0","90.05"
"kz_sp1_saishuu","195.45","-12506","-9055.96","5.63","89.81"
"kz_sp1_shouryokou","-185.94","1179.93","-2047.96","0.43","90.06"
"kz_sp1_siedlungclimb","8163.07","-2713.97","-191.96","0.65","89.98"
"kz_sp1_spreadblocks","-436.01","-333.83","-607.96","0.88","89.84"
"kz_sp1_strafechampion","2129.14","-2128","-343.97","0.88","-90.01"
"kz_sp1_uchuunookuheki","-2557.11","162.03","-191.96","0.88","89.75"
"kz_sp1_vines","2127.39","717.4","64.03","1.97","178.19"
"kz_sp1_whiteblocks","-573.5","-1163.96","-807.96","0.66","90.05"
"kz_sp1_xmas2021","-2082.78","-978.2","160.03","-0.43","1.45"
"kz_spaceladders_v2","-4023.61","-1313.34","374.03","0.43","179.82"
"kz_spacemario_h","680.06","4162.43","9984.03","-1.85","179.72"
"kz_spacemario_xt","-1727.76","4680.17","4256.03","-0.05","-179.67"
"kz_spacus","1234.12","349.54","1304.03","1.76","-178.44"
"kz_spire","-2409.34","2205.16","-1919.96","0.11","91.59"
"kz_splifff","-1872.73","3903.29","-359.96","0.87","90.45"
"kz_splopkopsc_loverick","-2968.29","-937.75","-231.96","-1.53","90.23"
"kz_spores_go","255.84","-1452.96","3393.82","-0.38","89.8"
"kz_sqrdsucks","-11646.2","1428.1","-5843.96","-1.16","-90.04"
"kz_stepblock","3857.91","-569.55","653.03","1.09","0.23"
"kz_stepup","2043.29","1412.61","-187.96","-1.32","-179.32"
"kz_strafehop_fix","-4190.61","-3279.89","11712","-1.5","179.53"
"kz_strafe_practice","3523.74","-392.53","983.03","-1.23","90.43"
"kz_stranded","-4373.9","3591.45","-45.17","-0.45","0.99"
"kz_streetblock","342.42","-1732.1","-2004.96","0.87","-89.8"
"kz_streetblock_go","-850.98","-1998.3","-2026.96","0.07","0.45"
"kz_structures","661.72","-2408.5","42.88","0","-179.11"
"kz_strun_mq","-320.52","-136.35","0.03","-0.75","-89.66"
"kz_sukblock_v2_fixed","2360.91","2013.01","4408.03","-0.65","0.62"
"kz_sunset_od","11646.6","-1344.41","3903.03","-1.23","89.15"
"kz_sunstone","1092.89","-2.38","-351.96","1.09","0.12"
"kz_suomi","-1251.59","-393.39","-504.96","0.21","-0.22"
"kz_superstructure","-1876.68","-2332.47","48.03","0.21","91.09"
"kz_surf_abaddon","-3419.33","461.95","1888.03","-0.22","0.45"
"kz_surf_ace","4923","-425.1","1183.03","-0.65","90.05"
"kz_surf_blue","-13567","-15610.7","14828","-0.04","91.3"
"kz_surf_kim_hana_gl","767.45","-2808.83","-281.96","-0.12","90.04"
"kz_surf_larry","7547.24","6964.35","-6862.96","0.88","90.2"
"kz_swamped_v3","4400.77","10544.9","3328.03","-0.5","0"
"kz_sxb_biewan","4872.57","4894.66","134.03","-1.23","178.07"
"kz_sxb_despacito","9866.33","-10110.9","-476.96","1.98","179.97"
"kz_sxb_dontplay","4170.95","2927.72","270.03","-1.76","89.33"
"kz_SXB_isbhop","3657.67","604.51","10193.3","-1.1","89.33"
"kz_sxb_makabaka","-5088.91","8093.94","-476.96","0.52","-179.92"
"kz_sxb_onlyslide","-13893.8","-11611","224.03","7.15","-1.79"
"kz_sxb_poi","13786","-1368","-340.96","0","-90"
"kz_sxb_remake","-6842.26","9939.39","142.03","-0.87","89.96"
"kz_sxb_slideasy","2010.84","1820.83","-340.96","-0.11","90.2"
"kz_sxb_trashmc","-13825.7","2078.21","-4053.96","-1.93","-89.12"
"kz_sxb_trashspace","5221.67","1425.73","-1372.96","-1.76","89.51"
"kz_sxb_xbcmzl","3897.62","7645.01","1552.03","-1.09","-179.74"
"kz_sxb_zhongbitu","4981.96","-6654.78","66.03","-1.98","-179.55"
"kz_symbiosis_final","-2134.93","2054.34","-255.96","0.41","90.72"
"kz_symmetry","41.6","10036","-679.96","1.09","-0.19"
"kz_synthesis_v2","-1631.82","1924.51","64.03","-0.65","0.24"
"kz_sz_goldenbean","797.17","2035.17","16.03","-0.43","179.79"
"kz_talltreeforest_v3","8216.31","1602.46","698.03","0.63","0.63"
"kz_talmaniac","4309.78","803.71","864.03","-0.26","-178.86"
"kz_tangent","-1148.7","-2095.15","116.03","-0.05","-0.52"
"kz_technical_difficulties","-165.89","-895.48","24.03","0.65","179.59"
"kz_techtonic_v2_ldr","852.48","3207.46","-319.96","-0.67","89.78"
"kz_tense","2019.2","-3885.1","-15.96","-0.63","0.1"
"kz_theaquila","-2545.74","100.6","-71.96","0.66","-179.96"
"kz_thinkblock","3531.15","9314.2","14432","0.02","-89.92"
"kz_timescape_zero","-1977.45","381.31","-447.96","-0.43","-0.12"
"kz_tmnf_e05","-892.63","15106.4","32.03","17.71","90.27"
"kz_tomb_fix","3328.88","-772.49","-86.96","1.54","1.46"
"kz_toughluck_fix","-2611.24","639.56","-3.96","-0.48","-89.92"
"kz_tour_de_nuke_rt","-6464.96","2107.21","-87.96","0.44","-89.37"
"kz_tq","-69.73","1559.86","-43.56","0.43","0.5"
"kz_tranquillity","780.69","1611.82","788.03","-0.66","90.02"
"kz_trazodon_fix","-880.82","-1937.78","-431.96","-0.65","0.89"
"kz_tribute","2219.38","1062.94","5548.03","-0.26","89.85"
"kz_tron_global","412.16","2424.58","3269.03","-0.29","89.99"
"kz_twiivo","7329.33","8035.08","14112","-0.16","-90.16"
"kz_twilight_od","11736.8","-738.05","3935.03","1.09","1.33"
"kz_twister","-7354.37","-163.9","1027.03","-1.31","89.89"
"kz_unity_collab","-2795.16","85","32.03","1.32","90.71"
"kz_unity_u01","3910.03","-3208.16","-783.96","-0.5","-90.02"
"kz_unknownspace","-815.81","3884.79","-159.46","-0.62","89.95"
"kz_unmake","13025.4","12879","5152.03","0","-90"
"kz_unnamed","9846.58","8201.53","122.03","-0.88","89.76"
"kz_variety_fix","5177.24","-928.01","-1279.96","-0.43","0.21"
"kz_vci_apprentice","2204.81","2993.35","2724.03","-0.58","-0.87"
"kz_verv3_gg","-812.78","46.57","-31.96","1.2","89.9"
"kz_village","2125.95","-1053.23","-255.16","-0.58","-90.5"
"kz_vittu_mika_persse","9905.87","6106.95","16160","-0.65","89.9"
"kz_vnl_crimdaddy","2073.01","1052.57","89.03","-3.09","-88.7"
"kz_vnl_crimdaughter","1113.93","-108.59","7.78","-0.22","179.87"
"kz_vnl_crimson","-351.99","-3240.11","-42.96","-0.44","0.47"
"kz_vnl_crimstmas","1141.52","582.4","88.03","4.39","-177.82"
"kz_void","7243.28","1007.95","832.03","-0.24","-90.1"
"kz_w1_holiday","-12326.9","10027.7","3556.03","2.41","90.89"
"kz_wafflehouse_ez","230.41","-916.84","-663.96","0","90.22"
"kz_wafflehouse_h","699.63","-1107.19","-662.96","-1.31","89.77"
"kz_wafflehouse_hard","15107","13827.6","15279","12.36","89.59"
"kz_wafflehouse_x","14862.1","14882","15317","5.45","-179.38"
"kz_wasabi","-1558.32","88.32","224.03","-0.96","89.78"
"kz_waterhole","3406.19","374.64","576.03","-0.55","0.14"
"kz_weebfactory_censored","-2501.34","3445","-911.96","1.32","178.86"
"kz_weightless","-6375.76","1294.6","-2381.96","-1.54","-0.17"
"kz_wetbricks","-6216.28","3946.86","-383.96","-0.72","0.07"
"kz_whatever_v2","-3804.99","5579.24","-1817.97","0","-0.82"
"kz_whereyoufrom","-2063.52","420.43","65.03","-1.18","179.11"
"kz_why","-3789.95","1911.64","984.03","0.16","0.04"
"kz_woodstock_v2","-22.01","-489.48","-1467.96","0.5","89.88"
"kz_woodstonegrass_final","-1635.71","-1348.23","4332.03","0.26","89.57"
"kz_xiaobitu","10660.2","7012.88","-207.96","2.34","176.82"
"kz_xmas2008","4328.79","2511.96","-479.96","-0.41","-89.41"
"kz_xmas2009","-498.47","-3088.03","32.03","-0.14","-90"
"kz_xmas2020","-3085.4","-487.63","831.03","1.54","-90.07"
"kz_xmas2022","1832.05","472.12","608.03","0","-0.66"
"kz_xtremeblock_v2","-784.22","-1771.78","9.21","0.72","-0.58"
"kz_yanse","-1160.86","405.41","40.03","0","-89.75"
"kz_yes","-9851.25","-392.88","-215.96","0","0"
"kz_yoink","3397.62","2054.83","7872.03","0.28","-179.57"
"kz_zaloopazxc","-2302.04","-2000.78","-1343.96","-0.22","-179.35"
"kz_za_tileblock","-409.46","-316.52","48.03","1.75","-0.9"
"kz_zhongbitu","4711.06","-6331.3","110.03","-2.46","-90.34"
"kz_zhop_freestyle","4924.88","7414.96","-303.96","7.34","89.64"
"kz_zhop_function3","1234.63","-1462.83","-511.96","-1.88","134.15"
"kz_zhop_son_fix","551.56","3176.86","864.03","0.93","-1.43"
"kz_ziggurath_final","-1223.24","1853.29","368.03","-0.52","179.51"
"kz_zoomer_fix","5896.09","-2780.49","5338.03","-1.1","89.61"
"kz_zxp_final4","3257.72","-2235.73","-4271.96","0.75","-0.4"
"kz_zxp_interstellar_v2","1445.13","836.96","-1471.96","1.1","-178.62"
"kz_zxp_undia","-184.55","-1705.29","0.03","-0.31","158.83"
"skz_bananaysoda_2","-36.07","-1705.35","-3327.96","-0.79","89.87"
"skz_makalaka","11972.5","2475.88","16032","-0.66","90.19"
"skz_map","371.68","263.44","1056.03","2.42","89.81"
"skz_odious","-11218.1","12161.2","14944","1.03","-89.63"
"skz_odious_v2","-11336","11488.3","14976","0.44","-89.11"
"skz_pride","4218.4","1117.09","192.03","-0.21","90.66"
"skz_sati","8074.32","3685.84","-3423.96","0.24","-90.06"
"skz_sequence_shot","493.29","-5609.37","-1711.96","-1.1","-179.96"
"vnl_cat","-1293.93","888.75","-2271.96","2.05","178.45"
"vnl_farewell_fix","5813.22","-14682.9","15728","-2.2","90.66"
"vnl_invasion","-8099.3","-1263.99","-215.4","-1.75","89.98"
"vnl_oy_lj","-4190.4","3459.11","32.03","-0.88","0"
"vnl_sewers","9861.74","11106.1","-543.96","0.65","-0.38"
"vnl_simplebrickrooms","455.4","-260.04","24.03","1.98","-179.96"
"vnl_slidegarden","207.93","-960","156.03","-0.87","-89.77"
"vnl_undefined","-1766.77","-2032.5","-879.96","-0.87","0.21"
"vnl_whiterun","505.25","-3164.65","-279.96","-0.44","1.17"
"xc_cliffjump_fix","1721.29","256.31","240.03","0.88","-179.26"
"xc_dtt_nasty_go","4415.86","1377.88","2080.03","8.36","-86.27"
"xc_fox_shrine_japan_fr","-2265.66","5521.91","13360","-0.21","89.78"
"xc_minecraft4","-884.54","-2193.82","192.03","0.9","-89.97"
